RELEASE DATE,PUBLISHER,TITLE,PRICE
03/15/17,ABRAMS COMICARTS,Best We Could Do An Illustrated Memoir HC,$24.95
03/15/17,AC COMICS,Men Of Mystery #103,$29.95
03/15/17,ACTION LAB ENTERTAINMENT,Peter David's Artful #4 (Cover A Laura Neubert),$3.99 
03/15/17,ACTION LAB ENTERTAINMENT,Peter David's Artful #4 (Cover B Laura Neubert Concept Sketch),$4.99 
03/15/17,ALBATROSS FUNNYBOOKS,Spookhouse #3,$3.99 
03/15/17,ALTERNATIVE COMICS,Death In Oaxaca #3,$4.99
03/15/17,AMP! COMICS FOR KIDS,Snoopy To The Rescue TP,$9.99 
03/15/17,AMRYL ENTERTAINMENT,Cavewoman Monster Dreams #1 (One Shot)(Cover A Conny Valentina),$3.99 
03/15/17,AMRYL ENTERTAINMENT,Cavewoman Monster Dreams #1 (One Shot)(Cover B Devon Massey),AR
03/15/17,AMRYL ENTERTAINMENT,Cavewoman Monster Dreams #1 (One Shot)(Cover D Budd Root),AR
03/15/17,AMRYL ENTERTAINMENT,Cavewoman Monster Dreams #1 (One Shot)(Cover E Budd Root),AR
03/15/17,AMRYL ENTERTAINMENT,Cavewoman Monster Dreams #1 (One Shot)(Cover F Salem Low),AR
03/15/17,AMRYL ENTERTAINMENT,Cavewoman Monster Dreams #1 (One Shot)(Cover G Andrew Mangum),AR
03/15/17,AMULET BOOKS,Nathan Hale's One Trick Pony GN,$14.95 
03/15/17,ANTARCTIC PRESS,Airship Enterprise #4,$3.99 
03/15/17,ANTARCTIC PRESS,Blade Bunny Volume 2 #4,$3.99 
03/15/17,ANTARCTIC PRESS,Cadmus #1,$3.99 
03/15/17,ANTARCTIC PRESS,Get Gomez #1 (One Shot),$3.99 
03/15/17,ANTARCTIC PRESS,Gold Digger #240,$3.99
03/15/17,ARCHIE COMIC PUBLICATIONS,Archie #18 (Cover A Pete Woods),$3.99 
03/15/17,ARCHIE COMIC PUBLICATIONS,Archie #18 (Cover B Elsa Charretier),$3.99 
03/15/17,ARCHIE COMIC PUBLICATIONS,Archie #18 (Cover C Robert Hack),$3.99 
03/15/17,ARCHIE COMIC PUBLICATIONS,Betty And Veronica Comics Annual Digest #252,$5.99 
03/15/17,ASPEN COMICS,All New Soulfire #1 (Cover A Giuseppe Cafaro),$3.99 
03/15/17,ASPEN COMICS,All New Soulfire #1 (Cover B Tyler Kirkham),$3.99 
03/15/17,ASPEN COMICS,All New Soulfire #1 (Cover C Talent Caldwell),AR
03/15/17,ASPEN COMICS,All New Soulfire #1 (Cover D Michael Turner),AR
03/15/17,AVATAR PRESS,Providence Act 1 HC (Final Printing),$19.99
03/15/17,BIG FINISH,Avengers Steed And Mrs Peel The Comic Strip Adaptations Volume 2 Audio CD,$49.99 
03/15/17,BIG FINISH,Avengers Steed And Mrs Peel Volume 1 Diana Magazine UK 1966-1967 GN,$19.99
03/15/17,BIG FINISH,Doctor Who Absolute Power Audio CD,$24.99 
03/15/17,BIG FINISH,Doctor Who Cold Fusion Audio CD,$28.50 
03/15/17,BIG FINISH,Doctor Who Order Of Daleks Audio CD,$24.99 
03/15/17,BIG FINISH,Doctor Who Original Sin Audio CD,$24.99 
03/15/17,BIG FINISH,Doctor Who Quicksilver Audio CD,$24.99 
03/15/17,BIG FINISH,Doctor Who The Early Adventures The Ravelli Conspiracy Audio CD,$24.99
03/15/17,BIG FINISH,Doctor Who The Early Adventures The Sontarans Audio CD,$24.99 
03/15/17,BIG FINISH,Doctor Who The Third Doctor Adventures Volume 2 Audio CD,$49.99 
03/15/17,BIG FINISH,Doctor Who The War Doctor Volume 3 Agents Of Chaos Audio CD,$49.99 
03/15/17,BIG FINISH,Doctor Who Unit Series Volume 3 Silenced Audio CD,$49.99 
03/15/17,BIG FINISH,Torchwood Outbreak Audio CD,$49.99 
03/15/17,BLACK MASK COMICS,Clandestino #6 (MR),$3.99 
03/15/17,BONGO COMICS,Bart Simpson Suckerpunch GN,$15.99 
03/15/17,BOOM! STUDIOS,Adventure Time Comics #9 (Cover A Marie Wu),$3.99
03/15/17,BOOM! STUDIOS,Adventure Time Comics #9 (Cover B Ariel Ries),$3.99
03/15/17,BOOM! STUDIOS,Adventure Time Comics #9 (Cover C Feifei Ruan),AR
03/15/17,BOOM! STUDIOS,Coady And The Creepies #1 (Cover A Kat Leyh),$3.99
03/15/17,BOOM! STUDIOS,Coady And The Creepies #1 (Cover B Liz Prince),AR
03/15/17,BOOM! STUDIOS,Death Be Damned #2 (Of 4)(Cover A Hannah Christenson),$3.99
03/15/17,BOOM! STUDIOS,Deep #3 (Of 6)(Cover A James Brouwer),$3.99
03/15/17,BOOM! STUDIOS,John Flood TP,$19.99
03/15/17,BOOM! STUDIOS,Kong Of Skull Island #9 (Cover A Nick Robles),$3.99
03/15/17,BOOM! STUDIOS,Mighty Morphin Power Rangers #13 (Cover A Jamal Campbell),$3.99
03/15/17,BOOM! STUDIOS,Mighty Morphin Power Rangers #13 (Cover B Steve Morris),AR
03/15/17,BOOM! STUDIOS,Mighty Morphin Power Rangers #13 (Cover C Goni Montes),AR
03/15/17,BOOM! STUDIOS,Mighty Morphin Power Rangers #13 (Cover D Miguel Mercado Foil Pop-Out Power Coin Variant),AR
03/15/17,BOOM! STUDIOS,Mighty Morphin Power Rangers #13 (Cover E Telmos Santos Action Figure Variant),$3.99
03/15/17,BOOM! STUDIOS,Robocop Dead Or Alive Volume 3 TP,$19.99
03/15/17,BROADSWORD COMICS,Tarot Witch Of The Black Rose #86 (Studio Deluxe Edition),$19.99 
03/15/17,CANDLEWICK PRESS,Yvain Knight Of The Lion GN,$19.99
03/15/17,COFFIN COMICS,La Muerta Last Rites #1 (Vengeance Edition),$20.00 
03/15/17,COMIC BOOK LEGAL DEFENSE FUND,CBLDF Defender Volume 2 #1,$9.99 
03/15/17,COMIC SHOP NEWS,Comic Shop News #1552,AR
03/15/17,COMIC SHOP NEWS,Comic Shop News Spring 2017 Preview,AR
03/15/17,DANGER ZONE,Dollface #1 (Dan Mendoza 2nd Printing Variant Cover),$4.99 
03/15/17,DANGER ZONE,Zombie Tramp #33 (Cover A Dan Mendoza),$3.99 
03/15/17,DANGER ZONE,Zombie Tramp #33 (Cover B Dan Mendoza Risque),$4.99 
03/15/17,DANGER ZONE,Zombie Tramp #33 (Cover C Marco Maccagni Fresh Kill),$4.99 
03/15/17,DANGER ZONE,Zombie Tramp #33 (Cover D Marco Maccagni Fresh Kill Risque),$4.99 
03/15/17,DANGER ZONE,Zombie Tramp #33 (Cover E Celor),$4.99 
03/15/17,DANGER ZONE,Zombie Tramp #33 (Cover F Celor Risque),$4.99 
03/15/17,DARK HORSE COMICS,Angel Season 11 #3 (Cover A Scott Fischer),$3.99
03/15/17,DARK HORSE COMICS,Angel Season 11 #3 (Cover B Jeff Dekal),$3.99
03/15/17,DARK HORSE COMICS,Bounty Volume 1 TPB,$14.99
03/15/17,DARK HORSE COMICS,Chronicles Of Conan Volume 34 Betrayal In Zamora And Other Stories TP,$19.99
03/15/17,DARK HORSE COMICS,Dark Horse Presents #32,$4.99
03/15/17,DARK HORSE COMICS,Dead Inside #4 (Of 5),$3.99
03/15/17,DARK HORSE COMICS,Ether #5 (Of 5),$3.99
03/15/17,DARK HORSE COMICS,Neil Gaiman's American Gods Shadows #1 (Cover A Glenn Fabry),$3.99
03/15/17,DARK HORSE COMICS,Neil Gaiman's American Gods Shadows #1 (Cover B David Mack),$3.99
03/15/17,DARK HORSE COMICS,Neil Gaiman's American Gods Shadows #1 (Cover C Dave McKean),$3.99
03/15/17,DARK HORSE COMICS,Will Eisner A Centennial Celebration 1917-2017 HC,$49.99
03/15/17,DARK HORSE COMICS,Will Eisner A Centennial Celebration 1917-2017 HC (Limited Edition),$99.99
03/15/17,DARK HORSE COMICS,World Of Warcraft Chronicle Volume 2 HC,$39.99
03/15/17,DC COMICS,All-Star Batman #8 (Cover A Giuseppe Camuncoli),$4.99
03/15/17,DC COMICS,All-Star Batman #8 (Cover B Giuseppe Camuncoli),AR
03/15/17,DC COMICS,All-Star Batman #8 (Cover C Francesco Francavilla),AR
03/15/17,DC COMICS,Aquaman #19 (Cover A Brad Walker & Andrew Hennessy),$2.99
03/15/17,DC COMICS,Aquaman #19 (Cover B Joshua Middleton),AR
03/15/17,DC COMICS,Batman #19 (Cover A David Finch & Danny Miki),$2.99
03/15/17,DC COMICS,Batman #19 (Cover B Tim Sale),AR
03/15/17,DC COMICS,Batman And Superman In World's Finest Comics The Silver Age Omnibus Volume 1 TP,$24.99
03/15/17,DC COMICS,Batman Ego And Other Tails Deluxe Edition HC,$39.99
03/15/17,DC COMICS,Batwoman #1 (Cover A Steve Epting),$2.99
03/15/17,DC COMICS,Batwoman #1 (Cover B J. G. Jones),AR
03/15/17,DC COMICS,Batwoman #1 (Cover C Blank),AR
03/15/17,DC COMICS,Cave Carson Has A Cybernetic Eye #6 (Cover A Michael Avon Oeming),$3.99
03/15/17,DC COMICS,Cave Carson Has A Cybernetic Eye #6 (Cover B Brendan McCarthy),AR
03/15/17,DC COMICS,Dark Knight III The Master Race #1 (Of 8)(Dale Keown AOD Variant Cover)(Dale Keown Signed Edition)(Dynamic Forces),AR
03/15/17,DC COMICS,Dark Knight III The Master Race #4 (Of 8)(Greg Capullo Black & White Midtown Variant Cover)(Dynamic Forces),AR
03/15/17,DC COMICS,Dark Knight III The Master Race #4 (Of 8)(Greg Capullo Midtown Variant Cover)(Dynamic Forces),AR
03/15/17,DC COMICS,DC Comics Bombshells #24,$3.99
03/15/17,DC COMICS,DC Comics Bombshells Volume 3 Uprising TP,$19.99
03/15/17,DC COMICS,Green Arrow #19 (Cover A Otto Schmidt),$2.99
03/15/17,DC COMICS,Green Arrow #19 (Cover B Mike Grell),AR
03/15/17,DC COMICS,Green Lanterns #19 (Cover A Leonardo Manco),$2.99
03/15/17,DC COMICS,Green Lanterns #19 (Cover B Emanuela Lupacchino),AR
03/15/17,DC COMICS,Harley Quinn #16 (Cover A Amanda Conner),$2.99
03/15/17,DC COMICS,Harley Quinn #16 (Cover B Frank Cho),AR
03/15/17,DC COMICS,Harley Quinn Volume 1 Die Laughing TP,$16.99
03/15/17,DC COMICS,He-Man Thundercats #6 (Of 6),$3.99
03/15/17,DC COMICS,Injustice Ground Zero #8,$2.99
03/15/17,DC COMICS,Jack Of Fables The Deluxe Edition Volume 1 HC,$39.99
03/15/17,DC COMICS,JSA The Golden Age Deluxe Edition HC,$34.99
03/15/17,DC COMICS,Justice League #17 (Cover A Fernando Pasarin & Matt Ryan),$2.99
03/15/17,DC COMICS,Justice League #17 (Cover B Yanick Paquette),AR
03/15/17,DC COMICS,Justice League Of America Power And Glory HC,$29.99
03/15/17,DC COMICS,Lucifer #16,$3.99
03/15/17,DC COMICS,Mr Punch 20th Anniversary Edition TP,$14.99
03/15/17,DC COMICS,Nightwing #17 (Cover A Javi Fernandez),$2.99
03/15/17,DC COMICS,Nightwing #17 (Cover B Ivan Reis & Oclair Albert),AR
03/15/17,DC COMICS,Odyssey Of The Amazons #3 (Of 6),$3.99
03/15/17,DC COMICS,Scooby-Doo Where Are You #79,$2.99
03/15/17,DC COMICS,Super Sons #2 (Cover A Jorge Jimenez),$2.99
03/15/17,DC COMICS,Super Sons #2 (Cover B Dustin Nguyen),AR
03/15/17,DC COMICS,Superman #19 (Cover A Patrick Gleason & Mick Gray),$2.99
03/15/17,DC COMICS,Superman #19 (Cover B Gary Frank),AR
03/15/17,DC COMICS,Titans #9 (Cover B Nick Bradshaw),AR
03/15/17,DC COMICS,Trinity #7 (Cover A Clay Mann),$2.99
03/15/17,DC COMICS,Trinity #7 (Cover B Bill Sienkiewicz),AR
03/15/17,DC COMICS,Wild Storm #2 (Cover A Jon Davis-Hunt),$3.99
03/15/17,DC COMICS,Wild Storm #2 (Cover B Afua Richardson),AR
03/15/17,DC COMICS,Wild Storm #2 (Cover C Jim Lee & Scott Williams),AR
03/15/17,DIGITAL MANGA PUBLISHING,Secret Devil-Chan Volume 1 GN,$15.95 
03/15/17,DISNEY LUCASFILM PRESS,Star Wars Join The Resistance Novel Volume 1 HC,$12.99
03/15/17,DYNAMITE ENTERTAINMENT,Battlestar Galactica Gods And Monsters #5 (Of 5)(Cover A Alec Morgan),$3.99
03/15/17,DYNAMITE ENTERTAINMENT,Battlestar Galactica Gods And Monsters #5 (Of 5)(Cover B Pete Woods),$3.99
03/15/17,DYNAMITE ENTERTAINMENT,Battlestar Galactica Gods And Monsters #5 (Of 5)(Cover C Alec Morgan Black & White Variant),AR
03/15/17,DYNAMITE ENTERTAINMENT,Control TP,$19.99
03/15/17,DYNAMITE ENTERTAINMENT,James Bond Felix Leiter #3 (Of 6)(Cover A Mike Perkins),$3.99
03/15/17,DYNAMITE ENTERTAINMENT,James Bond Felix Leiter #3 (Of 6)(Cover B Mike Perkins Black & White Variant),AR
03/15/17,DYNAMITE ENTERTAINMENT,Red Sonja #3 (Cover A Mike McKone),$3.99
03/15/17,DYNAMITE ENTERTAINMENT,Red Sonja #3 (Cover B J. Scott Campbell),$3.99
03/15/17,DYNAMITE ENTERTAINMENT,Red Sonja #3 (Cover C Jonboy Meyers),$3.99
03/15/17,DYNAMITE ENTERTAINMENT,Red Sonja #3 (Cover D Cosplay),$3.99
03/15/17,DYNAMITE ENTERTAINMENT,Red Sonja #3 (Cover E Mel Rubi),$3.99
03/15/17,DYNAMITE ENTERTAINMENT,Red Sonja #3 (Cover F Cosplay Virgin Variant),AR
03/15/17,DYNAMITE ENTERTAINMENT,Red Sonja #3 (Cover G Mike McKone Black & White Variant),AR
03/15/17,DYNAMITE ENTERTAINMENT,Red Sonja #3 (Cover H Mel Rubi Black & White Variant),AR
03/15/17,DYNAMITE ENTERTAINMENT,Red Sonja #3 (Cover I J. Scott Campbell Virgin Variant),AR
03/15/17,DYNAMITE ENTERTAINMENT,Red Sonja #3 (Cover J Mike McKone Spot Color Variant),AR
03/15/17,DYNAMITE ENTERTAINMENT,Vampirella #1 (Cover A Philip Tan),$3.99
03/15/17,DYNAMITE ENTERTAINMENT,Vampirella #1 (Cover B J. Scott Campbell),$3.99
03/15/17,DYNAMITE ENTERTAINMENT,Vampirella #1 (Cover C Joseph Michael Linsner),$3.99
03/15/17,DYNAMITE ENTERTAINMENT,Vampirella #1 (Cover D Cosplay),$3.99
03/15/17,DYNAMITE ENTERTAINMENT,Vampirella #1 (Cover E Jimmy Broxton),$3.99
03/15/17,DYNAMITE ENTERTAINMENT,Vampirella #1 (Cover F Jimmy Broxton Black & White Variant),AR
03/15/17,DYNAMITE ENTERTAINMENT,Vampirella #1 (Cover G Philip Tan Black & White Variant),AR
03/15/17,DYNAMITE ENTERTAINMENT,Vampirella #1 (Cover H Cosplay Virgin Variant),AR
03/15/17,DYNAMITE ENTERTAINMENT,Vampirella #1 (Cover I Joseph Michael Linsner Virgin Variant),AR
03/15/17,DYNAMITE ENTERTAINMENT,Vampirella #1 (Cover J J. Scott Campbell Virgin Variant),AR
03/15/17,DYNAMITE ENTERTAINMENT,Vampirella #1 (Cover L Blank Authentix Edition),AR
03/15/17,DYNAMITE ENTERTAINMENT,Vampirella #1 (Cover M Jimmy Broxton Spot Color Variant),AR
03/15/17,DYNAMITE ENTERTAINMENT,Vampirella #1 (Cover N J. Scott Campbell Artboard Variant),AR
03/15/17,DYNAMITE ENTERTAINMENT,Wonder Woman '77 Meets The Bionic Woman #3 (Of 6)(Cover A Cat Staggs),$3.99
03/15/17,DYNAMITE ENTERTAINMENT,Wonder Woman '77 Meets The Bionic Woman #3 (Of 6)(Cover B Glen Hanson),$3.99
03/15/17,DYNAMITE ENTERTAINMENT,Wonder Woman '77 Meets The Bionic Woman #3 (Of 6)(Cover C Cat Staggs Virgin Variant),AR
03/15/17,DYNAMITE ENTERTAINMENT,Wonder Woman '77 Meets The Bionic Woman #3 (Of 6)(Cover D Glen Hanson Virgin Variant),AR
03/15/17,EPICENTER COMICS,Zagor Vs Supermike GN,$16.99
03/15/17,FANTAGRAPHICS BOOKS,Eartha HC,$29.99
03/15/17,FIRST SECOND,Hocus Focus Book HC,$14.99 
03/15/17,FIRST SECOND,Olympians Volume 9 Artemis GN,$9.99 
03/15/17,FIRST SECOND,Olympians Volume 9 Artemis HC,$17.99 
03/15/17,FIRST SECOND,Star Scouts Volume 1 GN,$14.99 
03/15/17,GRAPHIC INDIA,Grant Morrison's Avatarex Destroyer Of Darkness #3 (Cover A Jeevan Kang),$3.99 
03/15/17,GRAPHIC INDIA,Grant Morrison's Avatarex Destroyer Of Darkness #3 (Cover B Adam Moore),$3.99 
03/15/17,GRAPHIC INDIA,Grant Morrison's Avatarex Destroyer Of Darkness #3 (Cover C Luke Ross),AR
03/15/17,GRAPHIC INDIA,Grant Morrison's Avatarex Destroyer Of Darkness #3 (Cover D Luke Ross Variant),$19.95 
03/15/17,GRAPHIC INDIA,Grant Morrison's Avatarex Destroyer Of Darkness #3 (Cover E Luke Ross Sketch Variant),$19.95 
03/15/17,HACHETTE PARTWORKS,Doctor Who The Complete History Volume 26 The Eleventh Doctor Stories 233-236 HC,$18.99 
03/15/17,HACHETTE PARTWORKS,Doctor Who The Complete History Volume 27 The First Doctor Stories 26-29 HC,$18.99 
03/15/17,HACHETTE PARTWORKS,Doctor Who The Complete History Volume 32 The First Doctor Stories 3-6 HC,$18.99 
03/15/17,HACHETTE PARTWORKS,Doctor Who The Complete History Volume 33 The Tenth Doctor Stories 174- 177 HC,$18.99 
03/15/17,HACHETTE PARTWORKS,Doctor Who The Complete History Volume 34 The Second Doctor Stories 30-33 HC,$18.99
03/15/17,HACHETTE PARTWORKS,Doctor Who The Complete History Volume 35 The Twelfth Doctor Stories 244-246 HC,$18.99
03/15/17,HACHETTE PARTWORKS,Doctor Who The Complete History Volume 36 The Fourth Doctor Stories 92-95 HC,$18.99 
03/15/17,HACHETTE PARTWORKS,Doctor Who The Complete History Volume 37 The Eleventh Doctor Stories HC,$18.99
03/15/17,HACHETTE PARTWORKS,Doctor Who The Complete History Volume 38 The Ninth Doctor Stories HC,$18.99
03/15/17,HORRORHOUND,HorrorHound #64,$6.99
03/15/17,HOUSE OF ANANSI PRESS,In Between Days A Memoir About Living With Cancer SC,$19.95 
03/15/17,HUMANOIDS PUBLISHING,Metabaron Volume 2 The Techno-Cardinal And The Transhuman HC,$29.95 
03/15/17,IDW PUBLISHING,Angry Birds Comics Game Play #2 (Cover A Ciro Cangialosi),$3.99
03/15/17,IDW PUBLISHING,Angry Birds Comics Game Play #2 (Cover B Paco Rodriques),$3.99
03/15/17,IDW PUBLISHING,Box Office Poison Color Comics #3 (Cover A Alex Robinson),$3.99
03/15/17,IDW PUBLISHING,Darkness Visible #2 (Cover A Brendan Cahill),$3.99
03/15/17,IDW PUBLISHING,Darkness Visible #2 (Cover B Dave Kendall),$3.99
03/15/17,IDW PUBLISHING,Darkness Visible #2 (Cover C Robert Hack),AR
03/15/17,IDW PUBLISHING,Donald Quest #5 (Of 5)(Cover A Ciro Cangialosi),$3.99
03/15/17,IDW PUBLISHING,Donald Quest #5 (Of 5)(Cover B Vitale Mangiatordi),$3.99
03/15/17,IDW PUBLISHING,Donald Quest #5 (Of 5)(Cover C Andrea Freccero),AR
03/15/17,IDW PUBLISHING,G.I. JOE #3 (Cover A Aaron Conley),$3.99
03/15/17,IDW PUBLISHING,G.I. JOE #3 (Cover B Giannis Milonogiannis),$3.99
03/15/17,IDW PUBLISHING,G.I. JOE #3 (Cover C Paolo Villanelli),$3.99
03/15/17,IDW PUBLISHING,G.I. JOE #3 (Cover D Brandon Graham),AR
03/15/17,IDW PUBLISHING,Haunted Love Volume 1 HC,$24.99
03/15/17,IDW PUBLISHING,Highlander The American Dream #2 (Of 5)(Cover A Wayne Nichols),$3.99
03/15/17,IDW PUBLISHING,Highlander The American Dream #2 (Of 5)(Cover B Claudia Gironi),$3.99
03/15/17,IDW PUBLISHING,M.A.S.K. Mobile Armored Strike Kommand Annual #1 (Cover A Andrew Griffith),$7.99
03/15/17,IDW PUBLISHING,M.A.S.K. Mobile Armored Strike Kommand Annual #1 (Cover B Juan Carlos Ruiz Burgos),$7.99
03/15/17,IDW PUBLISHING,Mickey Mouse #18 (Cover A Lorenzo Pastrovicchio),$3.99
03/15/17,IDW PUBLISHING,Mickey Mouse #18 (Cover B Donald Soffritti),$3.99
03/15/17,IDW PUBLISHING,Mickey Mouse #18 (Cover C Marco Gervasio),AR
03/15/17,IDW PUBLISHING,Revolutionaries #3 (Cover A Tradd Moore),$3.99
03/15/17,IDW PUBLISHING,Revolutionaries #3 (Cover B Tone Rodriguez),$3.99
03/15/17,IDW PUBLISHING,Revolutionaries #3 (Cover C Marcelo Ferreira),AR
03/15/17,IDW PUBLISHING,Revolutionaries #3 (Cover D Ron Joseph),AR
03/15/17,IDW PUBLISHING,Star Trek Deviations #1 (Cover A Josh Hood),$4.99
03/15/17,IDW PUBLISHING,Star Trek Deviations #1 (Cover B Rachael Stott Mash-Up Variant),$4.99
03/15/17,IDW PUBLISHING,Star Trek Deviations #1 (Cover C Clay McCormack),AR
03/15/17,IDW PUBLISHING,Starstruck Old Proldiers Never Die #2 (Of 6)(Cover A Michael William Kaluta),$4.99
03/15/17,IDW PUBLISHING,Uncle Scrooge #24 (Cover A Flemming Andersen),$3.99
03/15/17,IDW PUBLISHING,Uncle Scrooge #24 (Cover B Andrea Freccero),$3.99
03/15/17,IDW PUBLISHING,Uncle Scrooge #24 (Cover C Marco Mazzarello),AR
03/15/17,IDW PUBLISHING,Walt Disney's Comics And Stories #737 (Cover A Massimo Fecchi),$3.99
03/15/17,IDW PUBLISHING,Walt Disney's Comics And Stories #737 (Cover B Mau Heymans),$3.99
03/15/17,IDW PUBLISHING,Walt Disney's Comics And Stories #737 (Cover C Massimo Asaro),AR
03/15/17,IMAGE COMICS,Blood Stain Volume 2 TP,$14.99
03/15/17,IMAGE COMICS,Casanova Acedia #8,$3.99
03/15/17,IMAGE COMICS,Deadly Class Volume 5 Carousel TP,$14.99
03/15/17,IMAGE COMICS,Demonic TP,$14.99
03/15/17,IMAGE COMICS,East Of West #32 (Cover A Nick Dragotta),$3.99
03/15/17,IMAGE COMICS,East Of West #32 (Cover B Meredith McClaren Women's History Month Variant),$3.99
03/15/17,IMAGE COMICS,Eclipse #5,$3.99
03/15/17,IMAGE COMICS,God Country #1 (Geoff Shaw & Dave Stewart 3rd Printing Variant Cover),$3.99
03/15/17,IMAGE COMICS,God Country #2 (Geoff Shaw & Jason Wordie 2nd Printing Variant Cover),$3.99
03/15/17,IMAGE COMICS,God Country #3 (Cover A Geoff Shaw & Jason Wordie),$3.99
03/15/17,IMAGE COMICS,God Country #3 (Cover B Gerardo Zaffino & Jason Wordie),$3.99
03/15/17,IMAGE COMICS,Head Lopper #5 (Cover A Andrew MacLean),$5.99
03/15/17,IMAGE COMICS,Head Lopper #5 (Cover B Tony Sandoval),$5.99
03/15/17,IMAGE COMICS,Horizon #9,$2.99
03/15/17,IMAGE COMICS,I Hate Fairyland #11 (Cover A Skottie Young),$3.99
03/15/17,IMAGE COMICS,I Hate Fairyland #11 (Cover B Skottie Young),$3.99
03/15/17,IMAGE COMICS,Injection #11 (Cover A Declan Shalvey & Jordie Bellaire),$3.99
03/15/17,IMAGE COMICS,Injection #11 (Cover B Declan Shalvey & Jordie Bellaire),$3.99
03/15/17,IMAGE COMICS,Invincible #134,$2.99
03/15/17,IMAGE COMICS,Island #15,$9.99
03/15/17,IMAGE COMICS,Kill Or Be Killed #7,$3.99
03/15/17,IMAGE COMICS,Manifest Destiny #27,$2.99
03/15/17,IMAGE COMICS,Mirror #6,$3.99
03/15/17,IMAGE COMICS,Peter Panzerfaust Volume 5 On 'Till Morning TP,$14.99
03/15/17,IMAGE COMICS,Rockstars #4,$3.99
03/15/17,IMAGE COMICS,Sex Criminals #17 (Cover A Chip Zdarsky),$3.99
03/15/17,IMAGE COMICS,Sex Criminals #17 (Cover B Gina Wynbrandt),$4.69
03/15/17,IMAGE COMICS,Spawn #271 (Cover A Hicham Habchi),$2.99
03/15/17,IMAGE COMICS,Spawn #271 (Cover B TBD),$2.99
03/15/17,INSIGHT EDITIONS,Art Of Ghost In The Shell HC,$45.00
03/15/17,INSIGHT EDITIONS,Siberia 56 GN,$24.99 
03/15/17,JOE BOOKS,Disney Star Vs The Forces Of Evil Comics Collection Deep Trouble TP,$9.99 
03/15/17,KENZER AND COMPANY,Knights Of The Dinner Table #241,$5.99 
03/15/17,KODANSHA COMICS,Complex Age Volume 4 GN,$12.99 
03/15/17,KODANSHA COMICS,Seven Deadly Sins Volume 19 GN,$10.99
03/15/17,LION FORGE,Madballs HC,$19.99 
03/15/17,LOCUS MAGAZINE,Locus #674 (March 2017),$7.50 
03/15/17,MARVEL COMICS,Amazing Spider-Man #25 (Alex Ross Regular Cover),$9.99
03/15/17,MARVEL COMICS,Amazing Spider-Man #25 (Dave Johnson Venomized Variant Cover),AR
03/15/17,MARVEL COMICS,Amazing Spider-Man #25 (Gil Kane & John Romita Sr. Remastered Piece Variant Cover),AR
03/15/17,MARVEL COMICS,Amazing Spider-Man #25 (John Tyler Christopher Action Figure Variant Cover),AR
03/15/17,MARVEL COMICS,Amazing Spider-Man #25 (Ron Lim Classic Variant Cover),AR
03/15/17,MARVEL COMICS,Amazing Spider-Man #25 (Stuart Immonen Variant Cover),AR
03/15/17,MARVEL COMICS,Avengers #1 (Stan Lee Gold Signature Edition)(Dynamic Forces),AR
03/15/17,MARVEL COMICS,Avengers The Initiative The Complete Collection Volume 1 TP,$34.99
03/15/17,MARVEL COMICS,Black Panther World Of Wakanda #5 (Afua Richardson Regular Cover),$3.99
03/15/17,MARVEL COMICS,Black Panther World Of Wakanda #5 (Jen Bartel Variant Cover),AR
03/15/17,MARVEL COMICS,Captain America Sam Wilson #20,$3.99
03/15/17,MARVEL COMICS,Champions #1 (J. Scott Campbell Midtown Monochrome Variant Cover)(Dynamic Forces),AR
03/15/17,MARVEL COMICS,Champions #1 (J. Scott Campbell Variant Cover)(Dynamic Forces),AR
03/15/17,MARVEL COMICS,Daredevil #18,$3.99
03/15/17,MARVEL COMICS,Deadpool Classic Volume 17 Headcanon TP,$34.99
03/15/17,MARVEL COMICS,Deadpool The Duck #5 (Of 5)(Dave Johnson Connecting Variant Cover),AR
03/15/17,MARVEL COMICS,Deadpool The Duck #5 (Of 5)(David Nakayama Regular Cover),$3.99
03/15/17,MARVEL COMICS,Deadpool The Duck #5 (Of 5)(Joyce Chin Variant Cover),AR
03/15/17,MARVEL COMICS,Excalibur Epic Collection Volume 1 The Sword Is Drawn TP,$39.99
03/15/17,MARVEL COMICS,Great Lakes Avengers #6,$3.99
03/15/17,MARVEL COMICS,Guardians Of The Galaxy #18 (Arthur Adams Regular Cover),$3.99
03/15/17,MARVEL COMICS,Guardians Of The Galaxy #18 (David Lopez Variant Cover),AR
03/15/17,MARVEL COMICS,Guardians Of The Galaxy #18 (Pasqual Ferry Best Bendis Moments Variant Cover),AR
03/15/17,MARVEL COMICS,Invincible Iron Man #1 (J. Scott Campbell Midtown Variant Cover)(Dynamic Forces),AR
03/15/17,MARVEL COMICS,Invincible Iron Man #1 (Stan Lee Gold Signature Edition)(Dynamic Forces),AR
03/15/17,MARVEL COMICS,Marvel Universe Avengers Ultron Revolution Volume 2 Digest TP,$9.99
03/15/17,MARVEL COMICS,Mighty Thor #17,$3.99
03/15/17,MARVEL COMICS,Monsters Unleashed #5 (Of 5)(Adam Kubert Monster Variant Cover),AR
03/15/17,MARVEL COMICS,Monsters Unleashed #5 (Of 5)(Adam Kubert Regular Cover),$4.99
03/15/17,MARVEL COMICS,Monsters Unleashed #5 (Of 5)(Francesco Francavilla '50s Movie Poster Variant Cover),AR
03/15/17,MARVEL COMICS,Monsters Unleashed #5 (Of 5)(Mike Choi Hip-Hop Variant Cover),AR
03/15/17,MARVEL COMICS,Monsters Unleashed #5 (Of 5)(Sara Pichelli Monster Versus Marvel Hero Variant Cover),AR
03/15/17,MARVEL COMICS,Monsters Unleashed #5 (Of 5)(Superlog Variant Cover),AR
03/15/17,MARVEL COMICS,Monsters Unleashed #5 (Of 5)(Video Game Variant Cover),AR
03/15/17,MARVEL COMICS,Ms. Marvel #16,$3.99
03/15/17,MARVEL COMICS,Patsy Walker A.K.A. Hellcat #16,$3.99
03/15/17,MARVEL COMICS,Punisher #10 (Declan Shalvey Regular Cover),$3.99
03/15/17,MARVEL COMICS,Punisher #10 (Joe Jusko Corner Box Variant Cover),AR
03/15/17,MARVEL COMICS,Spider-Man #14,$3.99
03/15/17,MARVEL COMICS,Star Wars #1 (Dale Keown AOD Black & White Variant Cover)(Dale Keown Signed Edition)(Dynamic Forces),AR
03/15/17,MARVEL COMICS,Star Wars #1 (Dale Keown AOD Variant Cover)(Dale Keown Signed Edition)(Dynamic Forces),AR
03/15/17,MARVEL COMICS,Star Wars Poe Dameron #12 (Bengal Variant Cover),AR
03/15/17,MARVEL COMICS,Star Wars Poe Dameron #12 (Leinil Yu Star Wars 40th Anniversary Variant Cover),AR
03/15/17,MARVEL COMICS,Star Wars Poe Dameron #12 (Phil Noto Regular Cover),$3.99
03/15/17,MARVEL COMICS,Star-Lord #4,$3.99
03/15/17,MARVEL COMICS,Totally Awesome Hulk #17 (Mike Choi Venomized Variant Cover),AR
03/15/17,MARVEL COMICS,Totally Awesome Hulk #17 (Stonehouse Regular Cover),$3.99
03/15/17,MARVEL COMICS,U.S.Avengers #4,$3.99
03/15/17,MARVEL COMICS,Unbelievable Gwenpool Volume 2 Head Of M.O.D.O.K. TP,$17.99
03/15/17,MARVEL COMICS,Uncanny Avengers #21,$3.99
03/15/17,MARVEL COMICS,Uncanny X-Men #19,$3.99
03/15/17,MARVEL COMICS,Venom #5 (Clayton Crain Variant Cover),AR
03/15/17,MARVEL COMICS,Venom #5 (Gerardo Sandoval Regular Cover),$3.99
03/15/17,MARVEL COMICS,Wolverine Vs The Marvel Universe TP,$34.99
03/15/17,MARVEL COMICS,Women Of Power Standee Punch-Out Book TP,$24.99
03/15/17,ONE PEACE BOOKS,Maria Holic Volume 9 GN,$11.95 
03/15/17,ONI PRESS,Angel City #6 (Of 6),$3.99 
03/15/17,ONI PRESS,Bad Machinery Volume 1 The Case Of The Team Spirit GN (Pocket Edition),$10.00 
03/15/17,ONI PRESS,Damned Volume 1 Three Days Dead GN,$9.99 
03/15/17,ONI PRESS,Jeff Steinberg Champion Of Earth #6,$3.99 
03/15/17,ONI PRESS,Mighty Zodiac Volume 1 Starfall TP,$14.99 
03/15/17,PANINI PUBLISHING,Doctor Who Magazine #509,$11.99
03/15/17,PAPERCUTZ,Smurfs The Village Behind The Wall GN,$7.99
03/15/17,PAPERCUTZ,Smurfs The Village Behind The Wall HC,$12.99
03/15/17,PENGUIN GROUP UK,Doctor Who T Is For TARDIS HC,$9.99 
03/15/17,REBELLION,2000 AD Pack January 2017 (2012-2015),$21.60 
03/15/17,REBELLION,2000 AD's Greatest Celebrating Four Decades Of 2000 AD TP,$17.99 
03/15/17,REBELLION,Judge Dredd Megazine #381,$13.00
03/15/17,SCOUT COMICS,Fish Eye #2,$3.99
03/15/17,SCOUT COMICS,Girrion #5,$3.99
03/15/17,SCOUT COMICS,Little Guardians #0,$3.99
03/15/17,SELFMADEHERO,Art Masters Series Volume 5 Gauguin The Other World GN,$19.95 
03/15/17,SEVEN SEAS ENTERTAINMENT,Centaur's Life Volume 11 GN,$13.99 
03/15/17,SEVEN SEAS ENTERTAINMENT,Lord Marksman And Vanadis Volume 3 GN,$12.99 
03/15/17,SEVEN SEAS ENTERTAINMENT,Merman In My Tub Volume 6 GN,$11.99 
03/15/17,SEVEN SEAS ENTERTAINMENT,Seven Princes Of The Thousand Year Labyrinth Volume 2 GN,$12.99 
03/15/17,SOARING PENGUIN PRESS,Meanwhile #5,$23.95 
03/15/17,SUBLIME,Don't Be Cruel The Akira Takanashi Story GN,$12.99 
03/15/17,SUBLIME,Finder Deluxe Edition Volume 8 Secret Vow GN,$14.99 
03/15/17,TASCHEN AMERICA,Art Record Covers HC,$69.99 
03/15/17,TITAN PUBLISHING GROUP,Doctor Who The Tenth Doctor Year Three #3 (Cover A Iolanda Zanfardino),$3.99 
03/15/17,TITAN PUBLISHING GROUP,Doctor Who The Tenth Doctor Year Three #3 (Cover B Photo),$3.99 
03/15/17,TITAN PUBLISHING GROUP,Doctor Who The Tenth Doctor Year Three #3 (Cover C Papercraft),$3.99 
03/15/17,TITAN PUBLISHING GROUP,Doctor Who The Tenth Doctor Year Three #3 (Cover D Arianna Florean),$3.99 
03/15/17,TITAN PUBLISHING GROUP,Forever War #2 (Of 6)(Cover A Marvano),$3.99 
03/15/17,TITAN PUBLISHING GROUP,Forever War #2 (Of 6)(Cover B John McCrea),$3.99 
03/15/17,TITAN PUBLISHING GROUP,Forever War #2 (Of 6)(Cover C I.N.J. Culbard),$3.99 
03/15/17,TITAN PUBLISHING GROUP,Forever War #2 (Of 6)(Cover D Steve Kurth),$3.99 
03/15/17,TITAN PUBLISHING GROUP,Hard Case Crime The Assignment TP,$19.99 
03/15/17,TITAN PUBLISHING GROUP,Khaal #3 (Of 4)(Cover B Nick Percival),$3.99 
03/15/17,TITAN PUBLISHING GROUP,Warhammer 40000 Revelations #1 (Of 4)(Cover A Connor Magill),$3.99 
03/15/17,TITAN PUBLISHING GROUP,Warhammer 40000 Revelations #1 (Of 4)(Cover B Brian Williamson),$3.99 
03/15/17,TITAN PUBLISHING GROUP,Warhammer 40000 Revelations #1 (Of 4)(Cover C Fabio Listrani),$3.99 
03/15/17,TITAN PUBLISHING GROUP,Warhammer 40000 Revelations #1 (Of 4)(Cover D Tazio Bettin),$3.99 
03/15/17,UDON ENTERTAINMENT,Street Fighter Unlimited Volume 2 The Gathering HC,$29.99
03/15/17,UNIVERSITY PRESS OF MISSISSIPPI,Tracking The Surprising Rise Of The British Superhero HC,$65.00 
03/15/17,VALIANT ENTERTAINMENT,Divinity III Escape From Gulag 396 #1 (Cover A Adam Gorham),$3.99
03/15/17,VALIANT ENTERTAINMENT,Divinity III Escape From Gulag 396 #1 (Cover B Khari Evans),$3.99
03/15/17,VALIANT ENTERTAINMENT,Divinity III Escape From Gulag 396 #1 (Cover C Andres Guinaldo),$3.99
03/15/17,VALIANT ENTERTAINMENT,Divinity III Escape From Gulag 396 #1 (Cover D Ryan Lee),AR
03/15/17,VALIANT ENTERTAINMENT,Divinity III Escape From Gulag 396 #1 (Cover E Kano),AR
03/15/17,VALIANT ENTERTAINMENT,Harbinger Renegade #2 (Darick Robertson 2nd Printing Variant Cover),$3.99
03/15/17,VALIANT ENTERTAINMENT,Savage #3 (Of 4)(Lewis Larosa 2nd Printing Variant Cover),$3.99
03/15/17,VALIANT ENTERTAINMENT,Wrath Of The Eternal Warrior Volume 3 A Deal With A Devil TP,$14.99
03/15/17,VERTICAL COMICS,Mysterious Girlfriend X Volume 5 GN,$15.95 
03/15/17,VIZ MEDIA,Legend Of Zelda Legendary Edition Volume 3 GN,$17.99 
03/15/17,VIZ MEDIA,Legend Of Zelda Twilight Princess Volume 1 GN,$9.99 
03/15/17,VIZ MEDIA,Ranma 1/2 2-In-1 Edition Volume 19 TP,$14.99 
03/15/17,VIZ MEDIA,Rin-Ne Volume 23 GN,$9.99 
03/15/17,WW NORTON,Will Eisner's A Contract With God And Other Tenement Stories HC,$25.95
03/15/17,YEN ON,Accel World Novel Volume 9 The Seven-Thousand-Year Prayer SC,$14.00 
03/15/17,YEN ON,Durarara Light Novel Volume 6 GN,$14.00 
03/15/17,YEN ON,Log Horizon Light Novel Volume 7 Lost Child Of The Dawn SC,$14.00 
03/15/17,YEN ON,Re:Zero Light Novel Volume 3 Starting Life In Another World SC,$14.00 
03/15/17,YEN PRESS,Accel World Volume 7 GN,$13.00 
03/15/17,YEN PRESS,Akame Ga Kill Zero Volume 5 GN,$13.00 
03/15/17,YEN PRESS,Asterisk War Academy City On Water Volume 3 GN,$13.00 
03/15/17,YEN PRESS,Barakamon Volume 13 GN,$15.00 
03/15/17,YEN PRESS,Blood Lad Omnibus Volume 8 GN,$20.00 
03/15/17,YEN PRESS,Boy And The Beast Volume 3 GN,$13.00 
03/15/17,YEN PRESS,Bungo Stray Dogs Volume 2 GN,$13.00 
03/15/17,YEN PRESS,Death March To Parallel World Rhapsody Volume 2 GN,$13.00 
03/15/17,YEN PRESS,Devil Is A Part-Timer Volume 8 GN,$13.00 
03/15/17,YEN PRESS,Dragons Rioting Volume 6 GN,$13.00 
03/15/17,YEN PRESS,Handa Kun Volume 5 GN,$15.00 
03/15/17,YEN PRESS,He's My Only Vampire Volume 10 GN,$13.00 
03/15/17,YEN PRESS,Honor Student At Magic High School Volume 6 GN,$13.00 
03/15/17,YEN PRESS,Kiniro Mosaic Volume 2 GN,$17.00 
03/15/17,YEN PRESS,Kiss And White Lily For My Dearest Girl Volume 1 GN,$13.00 
03/15/17,YEN PRESS,Love At Fourteen Volume 6 GN,$15.00 
03/15/17,YEN PRESS,My Youth Romantic Comedy Is Wrong As I Expected Volume 4 GN,$13.00 
03/15/17,YEN PRESS,Of The Red The Light And The Ayakashi Volume 6 GN,$13.00 
03/15/17,YEN PRESS,School-Live Volume 6 GN,$13.00 
03/15/17,YEN PRESS,Strike The Blood Volume 6 GN,$13.00 
03/15/17,YEN PRESS,Sword Art Online Progressive Volume 5 GN,$13.00 
03/15/17,YEN PRESS,Today's Cerberus Volume 3 GN,$13.00 
03/15/17,YEN PRESS,Ubel Blatt Volume 8 GN,$20.00 
03/15/17,ZENESCOPE ENTERTAINMENT,Cinderella Serial Killer Princess #3 (Cover A Drew Johnson),$3.99 
03/15/17,ZENESCOPE ENTERTAINMENT,Cinderella Serial Killer Princess #3 (Cover B Jose Luis),$3.99 
03/15/17,ZENESCOPE ENTERTAINMENT,Cinderella Serial Killer Princess #3 (Cover C Keith Garvey),$3.99 
03/15/17,ZENESCOPE ENTERTAINMENT,Cinderella Serial Killer Princess #3 (Cover D Allan Otero),$3.99 
03/15/17,ZENESCOPE ENTERTAINMENT,Grimm Fairy Tales Presents Grimm Tales Of Terror Volume 3 #3 (Cover A Antonio Bifulco),$3.99 
03/15/17,ZENESCOPE ENTERTAINMENT,Grimm Fairy Tales Presents Grimm Tales Of Terror Volume 3 #3 (Cover B Gregbo Watson),$3.99 
03/15/17,ZENESCOPE ENTERTAINMENT,Grimm Fairy Tales Presents Grimm Tales Of Terror Volume 3 #3 (Cover C Cris Delara),$3.99 
03/15/17,ZENESCOPE ENTERTAINMENT,Grimm Fairy Tales Presents Robyn Hood I Love NY #10 (Of 12)(Cover A Allan Otero),$3.99 
03/15/17,ZENESCOPE ENTERTAINMENT,Grimm Fairy Tales Presents Robyn Hood I Love NY #10 (Of 12)(Cover B Riveiro),$3.99 
03/15/17,ZENESCOPE ENTERTAINMENT,Grimm Fairy Tales Presents Robyn Hood I Love NY #10 (Of 12)(Cover C Juan Carlos Ruiz),$3.99 
03/15/17,ZENESCOPE ENTERTAINMENT,Grimm Fairy Tales Presents Robyn Hood I Love NY #10 (Of 12)(Cover D Renato Rei),$3.99 
03/15/17,IDW GAMES,Teenage Mutant Ninja Turtles Shadows Of The Past April O'Neil Adventure Pack,AR
03/15/17,Merchandise,Alien 3/4 Scale Vinyl Youth Mask,AR
03/15/17,Merchandise,Animal Accessory 2 Plastic Model Kit (White Version),AR
03/15/17,Merchandise,Arpeggio Of Blue Steel Ars Nova Haruna Figma,AR
03/15/17,Merchandise,Batgirl Leap T-Shirt LG,AR
03/15/17,Merchandise,Batgirl Leap T-Shirt MED,AR
03/15/17,Merchandise,Batgirl Leap T-Shirt SM,AR
03/15/17,Merchandise,Batgirl Leap T-Shirt XL,AR
03/15/17,Merchandise,Batgirl Leap T-Shirt XXL,AR
03/15/17,Merchandise,Batgirl Leap Womens T-Shirt LG,AR
03/15/17,Merchandise,Batgirl Leap Womens T-Shirt MED,AR
03/15/17,Merchandise,Batgirl Leap Womens T-Shirt SM,AR
03/15/17,Merchandise,Batgirl Leap Womens T-Shirt XL,AR
03/15/17,Merchandise,Batman 1966 1/6 Scale Egghead Maquette,AR
03/15/17,Merchandise,Batman 1966 Mad Hatter Bust,AR
03/15/17,Merchandise,Batman 1966 Movie Revo Batmobile PVC Figure,AR
03/15/17,Merchandise,Batman Classic Collection Robin Boy Wonder Maquette,AR
03/15/17,Merchandise,Batman Classic Dick Sprang Batman Maquette,AR
03/15/17,Merchandise,Batman Limited Edition T-Shirt LG,AR
03/15/17,Merchandise,Batman Limited Edition T-Shirt MED,AR
03/15/17,Merchandise,Batman Limited Edition T-Shirt SM,AR
03/15/17,Merchandise,Batman Limited Edition T-Shirt XL,AR
03/15/17,Merchandise,Batman Limited Edition T-Shirt XXL,AR
03/15/17,Merchandise,Batman Returns Catwoman 1/4 Scale Action Figure,AR
03/15/17,Merchandise,Batman Snow T-Shirt LG,AR
03/15/17,Merchandise,Batman Snow T-Shirt MED,AR
03/15/17,Merchandise,Batman Snow T-Shirt SM,AR
03/15/17,Merchandise,Batman Snow T-Shirt XL,AR
03/15/17,Merchandise,Batman Snow T-Shirt XXL,AR
03/15/17,Merchandise,Bonsai 01 Plastic Model Kit,AR
03/15/17,Merchandise,Breaking Bad Hazmat Suit Hoodie XXL,AR
03/15/17,Merchandise,Bruce Lee Bandai S.H.Figuarts (Yellow Suit Version),AR
03/15/17,Merchandise,Child's Play Talking Good Guys 15 Inch Mega Scale Figure,AR
03/15/17,Merchandise,Color Tops Blue Walking Dead TV Carl Grimes 7 Inch Action Figure,AR
03/15/17,Merchandise,DC Comics Designer Series Bombshells Batwoman Action Figure,AR
03/15/17,Merchandise,DC Comics Designer Series Bombshells Harley Quinn Action Figure,AR
03/15/17,Merchandise,DC Comics Designer Series Bombshells Poison Ivy Action Figure,AR
03/15/17,Merchandise,DC Comics Designer Series Bombshells Wonder Woman Action Figure,AR
03/15/17,Merchandise,DC Suicide Squad Harley Quinn Wobbler Vinyl Figure,AR
03/15/17,Merchandise,Devilman D.C. Devilman Bandai S.H.Figuarts,AR
03/15/17,Merchandise,Disney Showcase Art Deco Maleficent Figure,AR
03/15/17,Merchandise,Disney Showcase Finding Dory Dory And Nemo Figure,AR
03/15/17,Merchandise,Dorbz Power Rangers Red Ranger Vinyl Figure,AR
03/15/17,Merchandise,DragonBall Z Dramatic Showcase 5th Season Volume 1 Son Goku Figure,AR
03/15/17,Merchandise,DragonBall Z Resolution Of Soldiers Volume 4 Super Saiyan 2 Gohan Figure,AR
03/15/17,Merchandise,DragonBall Z Shenron Molded Bottom Mug,AR
03/15/17,Merchandise,DragonBall Z Super Saiyan Son Gohan S.H.Figuarts Action Figure,AR
03/15/17,Merchandise,Evangelion Unit-01 You Are Not Alone Nxedge Style,AR
03/15/17,Merchandise,Fallout Nuka Cola Blaster Replica Wall Mount,AR
03/15/17,Merchandise,Fate/Grand Order Shielder Matthew Kyrielite Nendoroid,AR
03/15/17,Merchandise,Final Fantasy Advent Childre Play Arts Kai Sephiroth Action Figure,AR
03/15/17,Merchandise,Fire Emblem Fates Elise Nendoroid,AR
03/15/17,Merchandise,Funko Plush Guardians Of The Galaxy Volume 2 6 Piece Plush Display,AR
03/15/17,Merchandise,Game Of Thrones House Sigils Black T-Shirt XXL,AR
03/15/17,Merchandise,Gears Of War Marcus Fenix Play Arts Kai Action Figure,AR
03/15/17,Merchandise,Godzilla 12 Inch Series Godzilla 2004 Final Wars Version Previews Exclusive Figure,AR
03/15/17,Merchandise,Golden Age Batman T-Shirt LG,AR
03/15/17,Merchandise,Golden Age Batman T-Shirt MED,AR
03/15/17,Merchandise,Golden Age Batman T-Shirt SM,AR
03/15/17,Merchandise,Golden Age Batman T-Shirt XL,AR
03/15/17,Merchandise,Granblue Fantasy Io 1/7 Scale PVC Figure (Summer Version),AR
03/15/17,Merchandise,Grand Heritage Batman 1966 Adult Costume Standard,AR
03/15/17,Merchandise,Grand Heritage Batman 1966 Adult Costume XL,AR
03/15/17,Merchandise,Grand Heritage Batman 1966 Batgirl Adult Costume MED,AR
03/15/17,Merchandise,Grand Heritage Batman 1966 Batgirl Adult Costume SM,AR
03/15/17,Merchandise,Grand Heritage Batman 1966 Catwoman Adult Costume LG,AR
03/15/17,Merchandise,Grand Heritage Batman 1966 Catwoman Adult Costume MED,AR
03/15/17,Merchandise,Grand Heritage Batman 1966 Joker Adult Costume XL,AR
03/15/17,Merchandise,Grand Heritage Batman 1966 Robin Adult Costume STD,AR
03/15/17,Merchandise,Grand Heritage Batman 1966 Robin Adult Costume XL,AR
03/15/17,Merchandise,GX-70 Mazinger Z D.C. Mazinger Z Bandai Soul Of Chogokin,AR
03/15/17,Merchandise,Haikyu Indomitable Setter Koushi Sugawara Nendoroid Setter,AR
03/15/17,Merchandise,Harley Quinn Skull Bags T-Shirt LG,AR
03/15/17,Merchandise,Harley Quinn Skull Bags T-Shirt MED,AR
03/15/17,Merchandise,Harley Quinn Skull Bags T-Shirt SM,AR
03/15/17,Merchandise,Harley Quinn Skull Bags T-Shirt XL,AR
03/15/17,Merchandise,Harley Quinn Skull Bags T-Shirt XXL,AR
03/15/17,Merchandise,Hatsune Miku Project Diva 2nd PVC Figure (Orange Blossom Version),AR
03/15/17,Merchandise,Hellraiser 3 Hell On Earth Pinhead 1/6 Scale Figure,AR
03/15/17,Merchandise,I Am Elemental Wisdom Series Action Figure Lunchbox Gift Set,AR
03/15/17,Merchandise,Idolmaster Ami And Mami Futami 1/8 Scale PVC Figure,AR
03/15/17,Merchandise,Idolmaster Cinderella Girls Usachanrobo PVC Figure,AR
03/15/17,Merchandise,Jojo's Bizarre Adventure Figure Gallery Volume 1 Josuke Figure,AR
03/15/17,Merchandise,Judge Dredd Democracy Isnt Working Previews Exclusive Coffee Mug,AR
03/15/17,Merchandise,Justice League Animated Series Green Lantern Bust,AR
03/15/17,Merchandise,Kancolle Atago Heavy Armament Version Action Figure,AR
03/15/17,Merchandise,Kancolle Atago Light Armament Version Action Figure,AR
03/15/17,Merchandise,Kancolle Libeccio Nendoroid,AR
03/15/17,Merchandise,Kirby Face Pink T-Shirt LG,AR
03/15/17,Merchandise,K-On Mio Akiyama 5th Anniversary Edition PVC Figure,AR
03/15/17,Merchandise,Legend Of Zelda Link Chart Kelly Green T-Shirt LG,AR
03/15/17,Merchandise,Legend Of Zelda Link Chart Kelly Green T-Shirt XL,AR
03/15/17,Merchandise,Legend Of Zelda Symbolled Crest Black T-Shirt XL,AR
03/15/17,Merchandise,Legends Of Tomorrow Hawkgirl Action Figure,AR
03/15/17,Merchandise,Living Dead Dolls Series 33 Assortment,AR
03/15/17,Merchandise,Marvel Animated Style Punisher Statue,AR
03/15/17,Merchandise,Marvel Animated Style Spider-Gwen Statue,AR
03/15/17,Merchandise,Marvel Animated Style Vision Statue,AR
03/15/17,Merchandise,Marvel Black Panther Adult Costume Cowl Mask,AR
03/15/17,Merchandise,Marvel Captain America LED Light Up Box Art,AR
03/15/17,Merchandise,Marvel Daredevil Adult Cowl Mask,AR
03/15/17,Merchandise,Marvel Hulk LED Light Up Box Art,AR
03/15/17,Merchandise,Marvel Iron Man LED Light Up Box Art,AR
03/15/17,Merchandise,Marvel Spider-Man LED Light Up Box Art,AR
03/15/17,Merchandise,Marvel Thanos #1 Black T-Shirt XL,AR
03/15/17,Merchandise,Marvel Thanos #2 Black T-Shirt XL,AR
03/15/17,Merchandise,Marvel Thanos #2 Black T-Shirt XXL,AR
03/15/17,Merchandise,Marvel Venom #2 Black T-Shirt LG,AR
03/15/17,Merchandise,Marvel Venom #2 Black T-Shirt MED,AR
03/15/17,Merchandise,Marvel Venom #2 Black T-Shirt SM,AR
03/15/17,Merchandise,Marvel Venom #2 Black T-Shirt XL,AR
03/15/17,Merchandise,Marvel Venom Full Overhead Adult Deluxe Mask,AR
03/15/17,Merchandise,Mecha Collection Ultra Hawk Model Kit,AR
03/15/17,Merchandise,Metals Marvel Civil War 4 Inch Die-Cast Figure 2 Pack,AR
03/15/17,Merchandise,Munsters Grandpa Munster Maquette,AR
03/15/17,Merchandise,Mystery Minis League Of Legends Series 1 12 Piece Blind Mystery Box,AR
03/15/17,Merchandise,Namco Arcade Machine Collection Galaga,AR
03/15/17,Merchandise,Namco Arcade Machine Collection Galaxian,AR
03/15/17,Merchandise,Namco Arcade Machine Collection Pac-Man,AR
03/15/17,Merchandise,Namco Arcade Machine Collection Rally-X,AR
03/15/17,Merchandise,Namco Arcade Machine Collection Tank Battalion,AR
03/15/17,Merchandise,One-12 Collective Batman V Superman Superman Action Figure,AR
03/15/17,Merchandise,One-12 Collective DC Flash Action Figure,AR
03/15/17,Merchandise,One-12 Collective DC Green Arrow Action Figure,AR
03/15/17,Merchandise,One-12 Collective Marvel Previews Exclusive Punisher Deluxe Action Figure,AR
03/15/17,Merchandise,Overlord Albedo Nendoroid,AR
03/15/17,Merchandise,OYO NFL Baltimore Ravens 24 Piece Blind Mystery Box,AR
03/15/17,Merchandise,OYO NFL Seattle Seahawks 24 Piece Blind Mystery Box,AR
03/15/17,Merchandise,OYO NHL Pittsburgh Penguins Sidney Crosby Mini Figure,AR
03/15/17,Merchandise,Pint Sized Heroes Guardians Of The Galaxy Volume 2 24 Piece Blind Mystery Box,AR
03/15/17,Merchandise,PLA-ACT 06 Ambrosius Plastic Model Kit,AR
03/15/17,Merchandise,Pocket POP Guardians Of The Galaxy Volume 2 Groot Figure Keychain,AR
03/15/17,Merchandise,Pocket POP Guardians Of The Galaxy Volume 2 Rocket Raccoon Figure Keychain,AR
03/15/17,Merchandise,Pocket POP Power Rangers Movie Black Ranger Figure Keychain,AR
03/15/17,Merchandise,Pocket POP Power Rangers Movie Yellow Ranger Figure Keychain,AR
03/15/17,Merchandise,Pokemon Pikachu Head Molded Mug,AR
03/15/17,Merchandise,POP Godfather Fredo Corleone Vinyl Figure,AR
03/15/17,Merchandise,POP Hanna Barbera Atom Ant Vinyl Figure,AR
03/15/17,Merchandise,POP Hanna Barbera Touche Turtle Vinyl Figure,AR
03/15/17,Merchandise,POP League Of Legends Braum Vinyl Figure,AR
03/15/17,Merchandise,POP League Of Legends Thresh Vinyl Figure,AR
03/15/17,Merchandise,POP Marvel Gwenpool Vinyl Figure,AR
03/15/17,Merchandise,POP Marvel Iron Fist Previews Exclusive Vinyl Figure,AR
03/15/17,Merchandise,POP Powerpuff Girls Blossom Vinyl Figure,AR
03/15/17,Merchandise,POP Powerpuff Girls Bubbles Vinyl Figure,AR
03/15/17,Merchandise,POP Powerpuff Girls Buttercup Vinyl Figure,AR
03/15/17,Merchandise,POP Powerpuff Girls Mojo Jojo Vinyl Figure,AR
03/15/17,Merchandise,POP Resident Evil Jill Valentine Vinyl Figure,AR
03/15/17,Merchandise,POP Resident Evil Nemesis Vinyl Figure,AR
03/15/17,Merchandise,Racing Miku 2015 Team Ukyo Support Version Figma,AR
03/15/17,Merchandise,Ribbon Accessory 2 Plastic Model Kit (White Version),AR
03/15/17,Merchandise,Sailor Moon Crystal Pretty Guardian S.H.Figuarts,AR
03/15/17,Merchandise,Sailor Moon Q-Posket Petit Volume 3 Figure Collection Assortment,AR
03/15/17,Merchandise,Saint Seiya Complete Works Gold Saint Virgo Shaka Figure,AR
03/15/17,Merchandise,Saint Seiya Rising Dragon Punch Panoramation (Dragon Shiryu Version),AR
03/15/17,Merchandise,Saint Seiya Temple Of The Giant Crab Battle Set Panoramation,AR
03/15/17,Merchandise,Scars Of Dracula Christopher Lee Count Dracula 1/6 Scale Action Figure,AR
03/15/17,Merchandise,Sherlock Jim Moriarty 1/6 Scale Figure,AR
03/15/17,Merchandise,Sky Viper HD Streaming Drone,AR
03/15/17,Merchandise,Sky Viper HD Video Stunt Drone,AR
03/15/17,Merchandise,Sky Viper Nano Drone,AR
03/15/17,Merchandise,Sky Viper Pro Series Streaming Video Drone,AR
03/15/17,Merchandise,Sky Viper Stunt Drone,AR
03/15/17,Merchandise,Star Trek Master Series Leonard Bones McCoy 1/6 Scale Action Figure,AR
03/15/17,Merchandise,Star Wars Boba Fett Passenger Window Decal,AR
03/15/17,Merchandise,Star Wars Darth Vader Passenger Window Decal,AR
03/15/17,Merchandise,Star Wars Don't Call Me Princess Womens T-Shirt LG,AR
03/15/17,Merchandise,Star Wars Don't Call Me Princess Womens T-Shirt MED,AR
03/15/17,Merchandise,Star Wars Don't Call Me Princess Womens T-Shirt SM,AR
03/15/17,Merchandise,Star Wars Don't Call Me Princess Womens T-Shirt XL,AR
03/15/17,Merchandise,Star Wars Rogue One Shoretrooper Mini-Bust,AR
03/15/17,Merchandise,Star Wars Stormtrooper Passenger Window Decal,AR
03/15/17,Merchandise,Star Wars Yoda Passenger Window Decal,AR
03/15/17,Merchandise,Steve Reeves Hercules 1/6 Scale Action Figure,AR
03/15/17,Merchandise,Suicide Squad Daddy's Little Monster Baseball Shirt XXL,AR
03/15/17,Merchandise,Suicide Squad Harley Nendoroid (Suicide Edition),AR
03/15/17,Merchandise,Suicide Squad Harley Quinn S.H.Figuarts Action Figure,AR
03/15/17,Merchandise,Suicide Squad Joker Nendoroid (Suicide Edition),AR
03/15/17,Merchandise,Sword Art Online II Leafa Figma (ALO Version),AR
03/15/17,Merchandise,Sword Art Online II Sinon Nendoroid,AR
03/15/17,Merchandise,Sword Art Online Kirito Nendoroid,AR
03/15/17,Merchandise,Teenage Mutant Ninja Turtles Raphael 1/4 Scale Action Figure,AR
03/15/17,Merchandise,Titanfall 2 BT-7274 10 Inch Deluxe Figure,AR
03/15/17,Merchandise,Touken Ranbu Online Yamatonokami Yasusada 1/8 Scale PVC Figure,AR
03/15/17,Merchandise,Tsum Tsum Series 3 Laser Cut Figural Keyring 24 Piece Blind Mystery Box,AR
03/15/17,Merchandise,Tulipop Tineez Plush Assortment,AR
03/15/17,Merchandise,Weapon X #1 Postcard,AR
03/15/17,Merchandise,Witcher 3 The Wild Hunt Geralt Playing Gwent Bust,AR
03/15/17,Merchandise,X-Men Blue #1 Postcard,AR